,IDNK,C4orf33,INPP1,S100A4,NQO1,NSUN3,CCNI,C16orf58,RP11-386I14,G6PD,HLA-DPB1,ERGIC2,SIRT6,LACTB,NSL1,NUDT18,CD247,UNC45A,ATXN10,MRPL14,STAMBPL1,TMEM129,PHF1,CD46,HIST1H1E,MX1,WDR4,TBC1D7,OSTF1,CLEC2D,RPS11,HSPA5,PRKAR1A,EBPL,LGALS8,COX6C,CCDC92,RBM10,SAMSN1,LETMD1,SVIP,GCLM,BLZF1,TMEM71,AKAP8L,DHRS7,GPR114,GMFB,KIAA0947,HSPA14,NSMCE1,LENG1,UBA1,CDIPT,TRAPPC6A,ERGIC1,C1orf174,PMM1,PTP4A1,HPS4,RP5-827C21,FYN,AHSA2,CLINT1,THRAP3,SUDS3,PIM2,USP11,UBE2F,GAB3,RTN3,VAPA,RP11-1094M14,FLI1,TAGAP,WDR1,C6orf1,PASK,SLC52A2,USP48,STAG2,SYPL1,BAK1,MCMBP,PANK2,SNHG15,FCHO1,CAPG,WDR60,COX11,ATE1,ZMYM2,RSU1,PIK3R1,KBTBD4,SSU72,THEM4,SF3A2,BRK1,COPB1
TGGAAAGATCTTTG-1:b_cells,0,0,0,4.26260027972844,0,0,2.96769130534969,0,0,0,5.67339004567509,0,0,0,0,0,1.7111767812247,0,0,0,0,0,0,0,2.47211231868171,0,0,0,2.47211231868171,0,5.60762137591442,1.7111767812247,0,0,0,2.47211231868171,0,0,0,0,0,0,0,0,0,0,0,0,0,0,0,0,0,1.7111767812247,0,0,0,1.7111767812247,0,0,0,0,0,1.7111767812247,1.7111767812247,0,0,0,0,0,0,0,0,1.7111767812247,0,0,0,1.7111767812247,0,0,0,2.47211231868171,0,0,0,0,1.7111767812247,1.7111767812247,0,0,0,1.7111767812247,1.7111767812247,0,0,1.7111767812247,0,0,3.33587075622416,0
GCACCTTGGGGATG-1:cd14_monocytes,0,0,0,2.36802262111893,0,0,1.6234761544038,0,0,0,6.95173653367929,0,0,0,0,0,0,0,2.36802262111893,0,0,0,0,0,0,0,0,0,0,0,4.57850523457084,1.6234761544038,1.6234761544038,1.6234761544038,0,1.6234761544038,0,0,0,0,0,0,0,0,0,0,0,0,0,0,1.6234761544038,0,2.36802262111893,1.6234761544038,0,0,0,0,0,0,0,0,0,0,0,0,0,0,0,0,0,1.6234761544038,0,0,0,2.36802262111893,0,0,0,0,0,2.36802262111893,0,0,0,1.6234761544038,0,1.6234761544038,0,0,0,0,1.6234761544038,0,0,0,0,1.6234761544038,0,0
TCGCAGCTAGAGTA-1:b_cells,0,0,0,1.76301322705124,0,0,2.53309619044696,0,0,0,6.36453973721801,0,0,1.76301322705124,0,0,0,0,0,1.76301322705124,0,0,0,0,0,1.76301322705124,1.76301322705124,0,0,1.76301322705124,5.7460273151039,0,0,0,0,2.53309619044696,0,0,0,0,0,0,0,0,0,0,0,0,0,0,1.76301322705124,0,0,0,0,0,0,0,0,0,0,0,0,0,0,0,0,0,0,0,0,0,0,0,0,0,0,0,0,0,0,0,0,0,0,0,0,3.03248671659635,0,0,0,0,0,0,0,0,0,0,0,0
ATCCAGGAGGACAG-1:b_cells,0,0,0,4.47672413618936,0,0,0,0,0,0,5.52946895467887,0,0,0,0,0,0,0,0,1.87111839487499,0,0,0,0,0,0,0,0,0,0,5.75924136629757,1.87111839487499,0,1.87111839487499,0,2.65908451603066,0,0,0,1.87111839487499,0,0,0,0,0,0,0,0,0,0,0,0,0,0,0,0,0,0,0,0,0,0,1.87111839487499,0,2.65908451603066,0,1.87111839487499,0,0,0,0,0,0,0,0,3.16582861525552,0,0,0,0,0,0,0,0,0,0,1.87111839487499,3.8370150548351,0,0,0,0,0,0,0,0,0,0,2.65908451603066,0
CACAACGATGTCTT-1:cd56_nk,0,0,0,4.18398093987781,0,0,2.14901400194078,0,0,0,0,0,0,0,0,0,2.14901400194078,0,0,0,0,0,0,0,3.88176077753909,0,0,0,2.14901400194078,0,4.43372555008234,3.49898311881154,0,0,0,2.9764536849796,0,0,0,0,0,0,0,0,0,2.14901400194078,0,0,0,2.14901400194078,0,0,0,0,2.14901400194078,0,0,0,0,0,0,0,0,0,2.14901400194078,0,0,0,2.9764536849796,0,0,0,0,0,0,0,0,0,0,0,0,0,0,0,0,0,0,0,0,2.14901400194078,0,0,0,0,0,2.14901400194078,0,0,0,0
TACATAGAATTCGG-1:b_cells,0,0,0,0,0,0,2.53653059406218,0,0,0,5.00954805490116,0,0,0,0,0,0,1.76594220101255,1.76594220101255,0,0,0,1.76594220101255,0,1.76594220101255,0,0,0,0,0,5.30068627130725,0,0,0,0,1.76594220101255,0,0,0,0,0,0,0,1.76594220101255,1.76594220101255,1.76594220101255,0,0,0,0,1.76594220101255,1.76594220101255,1.76594220101255,0,0,0,0,0,0,0,0,0,0,0,1.76594220101255,0,1.76594220101255,0,0,0,1.76594220101255,1.76594220101255,0,0,0,0,1.76594220101255,0,0,0,1.76594220101255,1.76594220101255,0,0,0,0,0,1.76594220101255,0,0,0,0,0,0,0,0,0,1.76594220101255,1.76594220101255,0
ACTAAAACACAGTC-1:cd14_monocytes,0,0,0,3.00094716824119,0,0,3.28637366529373,0,0,1.46012052993135,6.75261644433495,0,0,0,1.46012052993135,0,0,0,0,1.46012052993135,0,0,0,0,0,0,0,0,2.17076695947081,0,4.21047730404821,1.46012052993135,0,0,0,0,0,0,0,0,0,0,0,0,0,0,0,0,0,0,3.00094716824119,0,1.46012052993135,0,0,0,0,1.46012052993135,0,1.46012052993135,0,0,0,1.46012052993135,0,0,0,0,0,0,2.17076695947081,2.17076695947081,0,0,0,1.46012052993135,0,0,0,0,0,0,0,0,1.46012052993135,0,0,1.46012052993135,0,0,0,0,3.00094716824119,0,0,2.64476548322322,0,0,3.00094716824119,0
GTGTAGTGGTTGGT-1:cd56_nk,0,0,0,4.88923317275757,0,0,2.88036171418781,0,2.06408044324536,0,0,0,0,0,0,0,3.7789123222588,0,0,0,0,0,2.06408044324536,0,2.06408044324536,0,0,0,0,0,4.3284086292094,3.39849001943301,2.06408044324536,0,0,2.06408044324536,0,0,0,0,2.88036171418781,0,0,0,2.06408044324536,3.39849001943301,0,0,0,0,0,0,0,2.06408044324536,0,0,0,0,2.06408044324536,0,2.88036171418781,0,0,0,2.06408044324536,0,0,0,0,0,2.06408044324536,2.06408044324536,0,0,0,0,0,0,0,0,0,0,0,0,0,0,0,0,0,0,0,0,0,0,0,0,0,0,0,0
TGATCGGATCCTTA-1:cd56_nk,0,0,0,5.51294729204576,0,0,0,0,0,0,0,0,0,0,0,0,3.3121654839185,0,0,0,0,0,0,0,0,0,0,0,2.45055925267041,0,2.45055925267041,0,0,0,0,3.3121654839185,0,0,0,0,0,0,0,2.45055925267041,0,0,0,0,0,0,0,0,0,0,0,2.45055925267041,0,0,0,0,0,2.45055925267041,0,0,0,0,2.45055925267041,0,0,0,3.84788056126324,0,2.45055925267041,0,0,0,0,2.45055925267041,2.45055925267041,0,0,0,0,0,0,0,0,0,0,0,0,0,0,0,0,0,0,0,0,0
AGTAATACGGTGAG-1:cd56_nk,0,0,1.50465075639931,3.97273655588132,0,0,1.50465075639931,0,2.22500322388542,0,0,0,0,0,0,0,2.22500322388542,0,1.50465075639931,1.50465075639931,0,0,0,1.50465075639931,3.06181747064643,1.50465075639931,0,1.50465075639931,3.58800797805239,0,3.79315906128832,1.50465075639931,0,0,0,3.3487704401118,0,0,1.50465075639931,0,2.70325115609419,0,0,0,0,3.3487704401118,0,0,0,0,0,2.22500322388542,0,0,1.50465075639931,0,0,0,1.50465075639931,0,0,0,1.50465075639931,0,1.50465075639931,0,0,0,1.50465075639931,0,0,2.22500322388542,0,0,0,1.50465075639931,0,0,0,0,1.50465075639931,0,0,0,2.22500322388542,0,0,2.70325115609419,0,0,0,0,0,0,0,1.50465075639931,1.50465075639931,1.50465075639931,3.3487704401118,0
GGAACACTAGCGGA-1:cd56_nk,0,0,2.14403743931293,4.4275951675855,0,0,0,0,0,0,2.14403743931293,0,2.14403743931293,0,2.14403743931293,0,4.4275951675855,0,0,0,2.14403743931293,0,0,0,0,0,0,2.14403743931293,0,0,4.17790688833681,2.14403743931293,0,0,0,2.14403743931293,0,0,2.14403743931293,0,2.14403743931293,2.14403743931293,0,0,0,2.14403743931293,0,0,0,0,0,0,0,0,0,0,0,0,0,2.14403743931293,0,0,0,0,0,0,0,0,2.14403743931293,0,0,2.14403743931293,0,0,0,0,0,0,0,0,2.14403743931293,0,0,0,0,2.14403743931293,0,0,0,0,0,0,0,0,0,0,0,0,0,2.14403743931293
GCACTAGATGTTTC-1:cd56_nk,0,0,0,3.73090845598211,0,0,2.02480464900047,0,0,0,0,0,0,0,0,0,2.83566853305697,0,0,2.83566853305697,0,0,0,0,0,0,0,0,2.02480464900047,0,4.67553039390829,2.02480464900047,0,0,0,2.83566853305697,0,0,0,0,0,0,0,0,0,0,0,0,0,0,0,0,0,0,0,0,0,0,0,0,0,0,0,0,2.02480464900047,0,2.02480464900047,0,3.73090845598211,0,0,2.02480464900047,2.02480464900047,0,0,0,0,0,0,0,2.02480464900047,0,0,0,0,2.02480464900047,0,0,0,0,0,0,0,0,0,2.02480464900047,0,0,2.02480464900047,0
AGGCTAACTGCTCC-1:cd14_monocytes,0,0,0,2.25679615789532,0,0,1.53089213855597,0,0,0,6.5771604669272,0,0,0,0,0,0,0,2.25679615789532,0,0,0,0,0,0,0,0,0,0,0,4.01052546295522,0,1.53089213855597,1.53089213855597,0,2.25679615789532,0,0,0,0,0,0,0,0,0,2.73745622332954,0,1.53089213855597,0,0,2.25679615789532,2.25679615789532,0,1.53089213855597,1.53089213855597,0,0,0,0,0,0,1.53089213855597,0,0,0,0,0,0,0,0,0,0,0,0,0,0,2.73745622332954,0,0,0,0,1.53089213855597,0,0,0,2.73745622332954,0,2.25679615789532,0,1.53089213855597,0,0,0,0,0,1.53089213855597,0,1.53089213855597,2.25679615789532,1.53089213855597
AAGCACTGATAAGG-1:cd14_monocytes,0,0,0,0,0,0,2.20991285079316,0,1.49223090593734,1.49223090593734,7.48137313388834,0,0,0,0,0,0,0,0,0,0,2.20991285079316,0,0,0,0,0,0,1.49223090593734,0,4.99208963648711,1.49223090593734,0,2.20991285079316,0,1.49223090593734,0,0,0,1.49223090593734,0,0,0,0,0,2.68699569439168,0,0,0,0,2.68699569439168,2.68699569439168,1.49223090593734,0,0,2.68699569439168,0,0,0,0,0,0,0,0,2.20991285079316,1.49223090593734,0,0,0,0,0,0,1.49223090593734,0,0,0,0,0,0,0,0,0,0,0,1.49223090593734,0,2.20991285079316,0,0,0,0,0,0,0,0,1.49223090593734,0,0,3.33144484542999,0
CATAACCTGCAGTT-1:cd56_nk,0,0,1.79737012477222,4.37898894398887,0,0,1.79737012477222,0,0,0,0,1.79737012477222,0,0,0,0,3.07511860290219,0,1.79737012477222,0,1.79737012477222,0,0,0,0,0,0,0,1.79737012477222,0,5.34389689770877,2.57330683137434,0,0,0,3.74193092646352,0,0,0,0,0,0,1.79737012477222,0,0,2.57330683137434,0,0,0,0,0,0,0,0,0,0,0,0,0,1.79737012477222,0,0,0,0,0,0,0,0,1.79737012477222,0,0,0,0,0,0,0,1.79737012477222,0,0,1.79737012477222,0,0,0,0,1.79737012477222,0,0,1.79737012477222,0,0,0,0,0,1.79737012477222,0,0,0,0,3.07511860290219,0
CTTGTATGAGGTCT-1:cd4_t_helper,0,0,0,6.03060908298055,0,0,0,0,0,0,1.79737012477222,0,0,0,0,1.79737012477222,2.57330683137434,0,1.79737012477222,0,0,0,0,0,0,0,0,0,0,0,3.07511860290219,0,0,0,0,3.07511860290219,0,0,0,1.79737012477222,0,0,0,1.79737012477222,0,0,0,0,0,0,1.79737012477222,0,1.79737012477222,0,0,0,0,0,0,0,0,2.57330683137434,0,0,1.79737012477222,0,3.44671165863374,0,2.57330683137434,0,0,1.79737012477222,0,0,0,1.79737012477222,0,0,0,0,1.79737012477222,0,0,0,1.79737012477222,2.57330683137434,0,0,0,1.79737012477222,0,0,0,0,1.79737012477222,1.79737012477222,1.79737012477222,0,2.57330683137434,1.79737012477222
CGAGAACTAATCGC-1:b_cells,0,0,0,2.70358780665704,0,0,1.9096193356765,0,0,0,6.47941142040858,0,0,0,0,0,0,0,0,1.9096193356765,0,0,0,0,0,0,0,0,1.9096193356765,0,4.96938513263454,1.9096193356765,0,0,0,0,0,0,0,0,0,0,0,0,0,0,0,0,0,0,0,0,1.9096193356765,0,1.9096193356765,0,0,0,0,0,1.9096193356765,0,0,0,0,0,0,0,0,0,0,0,1.9096193356765,0,0,0,0,0,0,0,0,0,0,0,0,0,0,3.21277142555399,0,0,0,0,1.9096193356765,0,0,1.9096193356765,0,0,2.70358780665704,0
GTAGTCGAATTGGC-1:b_cells,0,0,3.05902065332725,0,0,0,3.05902065332725,0,0,0,0,0,0,0,0,0,0,0,0,0,0,0,0,2.22250578282952,2.22250578282952,0,0,0,0,0,4.27315530888943,3.05902065332725,0,0,0,2.22250578282952,0,0,0,0,0,0,0,0,0,0,0,0,0,0,0,2.22250578282952,0,0,2.22250578282952,0,0,0,0,0,0,0,0,2.22250578282952,0,0,0,0,0,0,0,0,0,2.22250578282952,0,0,0,0,0,2.22250578282952,0,2.22250578282952,0,0,0,0,0,2.22250578282952,0,0,0,0,2.22250578282952,0,0,2.22250578282952,0,0,0,0
CGACGTCTATCGTG-1:cd4_t_helper,0,0,0,5.20371026612115,0,0,3.31661652177051,0,0,1.99557504821041,0,0,0,0,0,0,0,0,1.99557504821041,1.99557504821041,0,0,1.99557504821041,0,0,0,0,0,0,0,4.94848414896559,1.99557504821041,1.99557504821041,0,1.99557504821041,0,0,0,0,0,0,0,0,0,0,1.99557504821041,0,0,0,0,0,0,1.99557504821041,0,1.99557504821041,0,0,0,0,0,0,0,0,0,0,0,1.99557504821041,0,0,0,0,1.99557504821041,0,0,0,0,0,0,0,0,0,0,0,0,0,1.99557504821041,0,0,0,0,0,0,0,0,0,1.99557504821041,0,0,1.99557504821041,0
GTTATGCTTGGATC-1:cd56_nk,0,0,0,2.95715310492112,0,0,0,0,0,0,0,2.13190219864904,0,0,0,0,3.86114148332535,0,0,0,0,0,0,0,2.13190219864904,0,0,0,0,0,3.86114148332535,2.13190219864904,0,0,0,3.4788229729499,0,0,0,2.13190219864904,0,0,0,0,0,3.4788229729499,0,0,0,0,0,0,0,0,2.13190219864904,0,0,0,2.13190219864904,2.13190219864904,0,0,0,0,0,0,0,0,0,0,2.13190219864904,0,0,0,0,2.13190219864904,0,0,0,0,0,0,0,0,0,0,0,0,0,0,0,0,0,0,0,0,0,2.13190219864904,2.13190219864904,0
TACGACGACCCTTG-1:cd14_monocytes,0,0,0,0,0,0,0,0,0,0,6.83977694908431,1.37808561489672,0,0,2.06986187042936,1.37808561489672,0,0,2.06986187042936,0,0,0,0,0,0,0,0,0,0,0,4.64319156177927,3.16930961565174,2.06986187042936,0,0,2.06986187042936,0,0,0,0,0,0,0,0,0,2.53547996327732,0,0,0,0,1.37808561489672,0,0,1.37808561489672,0,0,0,0,0,2.06986187042936,0,0,0,0,0,0,0,0,0,0,0,2.06986187042936,2.06986187042936,0,0,2.53547996327732,0,0,0,0,1.37808561489672,0,1.37808561489672,1.37808561489672,1.37808561489672,2.06986187042936,0,2.06986187042936,0,2.06986187042936,0,0,0,0,0,1.37808561489672,0,2.06986187042936,3.16930961565174,0
AAAGATCTCCGAAT-1:b_cells,0,0,1.88318867191613,3.55527374905569,0,0,0,0,0,1.88318867191613,5.27219224400826,0,0,0,0,0,0,0,0,0,0,0,0,0,1.88318867191613,1.88318867191613,0,0,1.88318867191613,0,4.65535490738331,0,0,1.88318867191613,0,2.67305653365727,0,0,0,0,0,0,0,0,1.88318867191613,0,0,0,0,0,0,0,0,0,0,0,0,0,0,0,0,0,0,1.88318867191613,0,0,0,0,0,0,0,1.88318867191613,0,0,0,1.88318867191613,0,0,0,0,0,3.18057509803259,0,0,0,0,0,3.55527374905569,0,0,0,0,1.88318867191613,0,0,1.88318867191613,1.88318867191613,0,3.18057509803259,0
CCTAGAGATGCAAC-1:cd4_t_helper,0,0,0,4.50582078961692,0,0,2.84907826136154,0,0,0,0,0,0,0,0,0,2.84907826136154,0,0,0,0,0,0,0,0,0,0,0,0,0,4.04557373896843,0,0,0,0,2.84907826136154,0,0,0,0,0,0,0,0,0,0,0,0,0,0,0,0,0,0,2.03657343538643,0,0,0,0,0,0,2.84907826136154,0,0,0,0,0,0,0,0,0,0,0,0,0,2.03657343538643,0,2.84907826136154,0,0,0,0,0,2.03657343538643,0,0,0,0,0,0,0,0,0,0,0,2.03657343538643,0,0,0,0
GTCAACGACAGGAG-1:cd56_nk,0,0,0,4.30763858296417,0,0,2.04747342465449,0,0,0,0,0,0,0,0,0,2.04747342465449,0,0,0,0,2.04747342465449,0,2.04747342465449,0,0,0,0,3.75865020587919,0,4.51958574333621,2.04747342465449,0,0,0,2.86148451685931,0,0,0,0,0,2.04747342465449,0,0,0,2.04747342465449,0,0,0,0,0,0,0,0,0,0,0,0,0,0,0,0,0,2.04747342465449,2.04747342465449,0,0,0,0,0,0,2.04747342465449,0,0,0,0,0,0,0,0,0,0,2.04747342465449,0,0,2.04747342465449,0,0,0,0,0,0,0,0,0,2.04747342465449,0,0,3.37871158279414,0
CGCGGATGACCTCC-1:b_cells,1.78525025622464,1.78525025622464,0,3.0601074848707,0,0,2.55914057077393,0,0,0,5.23655909622037,0,0,1.78525025622464,0,0,1.78525025622464,0,1.78525025622464,1.78525025622464,0,0,0,0,1.78525025622464,0,0,0,0,0,3.72616773043725,0,0,1.78525025622464,0,1.78525025622464,0,0,0,0,0,1.78525025622464,0,0,1.78525025622464,0,0,0,0,0,2.55914057077393,0,0,0,2.55914057077393,0,0,0,0,1.78525025622464,0,0,0,1.78525025622464,0,0,0,0,0,0,0,1.78525025622464,0,0,0,0,0,0,0,1.78525025622464,0,0,0,0,0,0,1.78525025622464,1.78525025622464,0,0,0,0,0,0,0,1.78525025622464,0,0,2.55914057077393,0
TGCACGCTAAGATG-1:cd14_monocytes,0,0,0,2.411585584198,0,0,0,0,0,1.66005868626238,7.45929880094056,0,0,0,0,0,0,0,0,0,0,0,0,0,0,0,0,0,0,0,4.63012770495196,2.90320825892434,1.66005868626238,0,0,0,0,0,0,0,0,0,0,0,0,2.90320825892434,0,0,0,0,0,0,0,0,1.66005868626238,1.66005868626238,0,0,0,0,0,0,0,0,0,0,0,0,0,0,0,0,1.66005868626238,0,1.66005868626238,1.66005868626238,0,0,0,0,0,0,0,0,1.66005868626238,1.66005868626238,0,0,0,0,0,0,0,0,1.66005868626238,1.66005868626238,0,0,2.90320825892434,0
GATAATACGGTTTG-1:b_cells,0,0,0,3.43187987622681,0,0,0,0,0,0,5.49389218617814,0,1.78575158022925,0,0,0,0,0,1.78575158022925,0,0,0,0,0,0,0,0,0,0,0,4.92484883739935,3.06072899955958,0,0,0,0,0,1.78575158022925,0,1.78575158022925,0,0,0,0,0,0,0,1.78575158022925,0,0,0,0,0,0,0,0,0,0,0,0,0,0,0,0,2.55972694044129,0,0,0,0,0,0,0,1.78575158022925,0,0,0,0,0,1.78575158022925,0,2.55972694044129,1.78575158022925,0,0,0,0,0,3.72682054723713,0,0,1.78575158022925,0,0,0,0,2.55972694044129,0,0,3.06072899955958,0
TAGACGTGTAGACC-1:cd4_t_helper,0,0,0,0,0,0,2.61670356022845,0,0,0,0,0,0,0,1.83460407662805,0,0,0,0,0,0,0,0,0,0,0,0,0,0,0,4.24543069068363,2.61670356022845,1.83460407662805,0,1.83460407662805,0,0,0,1.83460407662805,0,0,0,0,0,0,0,0,0,1.83460407662805,0,0,0,0,0,2.61670356022845,0,1.83460407662805,0,0,0,0,0,0,0,0,0,0,1.83460407662805,0,0,0,0,0,0,0,0,0,1.83460407662805,1.83460407662805,1.83460407662805,0,0,0,0,0,1.83460407662805,0,0,0,0,0,0,1.83460407662805,0,1.83460407662805,0,0,0,1.83460407662805,0
TCTGATACGAGGGT-1:cd4_t_helper,0,0,0,2.68423714748632,0,0,3.19236977489221,0,0,0,0,0,0,0,0,0,1.89285891026989,0,0,1.89285891026989,0,0,0,1.89285891026989,0,0,0,0,1.89285891026989,0,4.32163443643246,0,1.89285891026989,1.89285891026989,0,0,0,0,0,0,1.89285891026989,0,0,0,0,0,0,0,0,0,1.89285891026989,0,0,0,0,0,0,0,0,0,0,1.89285891026989,0,0,0,0,2.68423714748632,0,0,0,0,1.89285891026989,0,2.68423714748632,0,2.68423714748632,0,1.89285891026989,0,0,0,0,0,0,0,0,0,0,0,0,0,0,0,0,0,0,0,1.89285891026989,1.89285891026989,0
GGAGGCCTAGACTC-1:cd4_t_helper,0,0,1.61440627861364,0,0,0,1.61440627861364,0,0,0,7.0093813438836,0,0,0,0,0,0,0,0,1.61440627861364,0,0,0,0,1.61440627861364,0,0,0,1.61440627861364,0,4.12885800735554,1.61440627861364,1.61440627861364,1.61440627861364,0,1.61440627861364,0,0,0,0,1.61440627861364,0,0,0,0,0,0,0,0,0,1.61440627861364,0,0,0,1.61440627861364,0,0,0,0,0,0,0,0,1.61440627861364,0,0,0,0,1.61440627861364,0,1.61440627861364,1.61440627861364,0,0,0,0,0,0,0,0,0,0,0,0,2.35718919937516,0,0,0,0,1.61440627861364,0,0,0,1.61440627861364,0,0,1.61440627861364,0,3.94794566387129,0
CACATACTTTGCGA-1:cd56_nk,0,0,0,4.41821928622152,2.13643393637296,0,2.13643393637296,0,2.13643393637296,0,0,0,0,0,0,0,4.16861762025553,0,2.13643393637296,0,2.13643393637296,0,0,0,0,0,0,0,2.96226735264489,0,2.96226735264489,0,0,0,0,2.13643393637296,0,0,0,0,2.13643393637296,0,0,0,0,0,0,0,0,0,0,0,2.13643393637296,0,0,0,0,0,0,0,0,0,0,0,0,0,2.13643393637296,0,0,0,0,0,0,2.13643393637296,2.13643393637296,0,2.13643393637296,0,0,0,0,0,0,0,0,0,0,0,0,0,0,0,0,0,0,0,0,0,2.96226735264489,0
AACGGTACCGTTAG-1:cd56_nk,0,0,2.35336622570066,4.42966686788666,0,0,0,0,0,0,0,0,0,0,0,2.35336622570066,5.24759978249453,0,0,0,0,0,0,0,3.73665425153289,0,0,0,0,0,4.68150056574798,0,0,0,0,4.12437845493946,0,0,0,0,0,2.35336622570066,0,0,0,3.20481434178995,0,0,0,0,0,0,0,0,2.35336622570066,0,0,0,0,0,0,0,0,0,0,0,0,0,0,0,0,0,0,2.35336622570066,0,0,0,0,0,0,0,0,0,0,0,0,2.35336622570066,0,0,0,0,0,0,0,0,2.35336622570066,0,0,0,0
GGACTATGTGTCCC-1:cd4_t_helper,0,0,0,5.1645443021635,0,0,1.66862928554758,0,0,0,0,0,0,0,1.66862928554758,0,0,1.66862928554758,0,1.66862928554758,0,0,0,0,0,1.66862928554758,0,0,1.66862928554758,0,4.02271117310055,1.66862928554758,2.42176135188871,0,0,0,0,0,0,0,0,0,0,0,0,0,0,0,0,0,0,1.66862928554758,1.66862928554758,0,1.66862928554758,0,0,0,0,0,0,1.66862928554758,0,0,0,0,1.66862928554758,0,0,0,0,0,0,0,0,2.42176135188871,0,0,0,0,0,0,1.66862928554758,1.66862928554758,0,0,0,0,0,1.66862928554758,0,0,0,0,0,1.66862928554758,0,0,1.66862928554758,0
GCAAACTGGCTTAG-1:cd14_monocytes,0,0,0,2.73832559994031,0,1.27395656660648,2.73832559994031,0,0,0,5.98646773398989,0,1.93978214174197,0,0,0,0,0,1.27395656660648,1.27395656660648,0,0,0,0,0,1.27395656660648,0,1.27395656660648,1.27395656660648,0,4.17143603986022,1.27395656660648,1.27395656660648,0,0,2.39361269543644,1.93978214174197,0,0,0,0,0,0,0,0,1.93978214174197,0,0,0,0,2.39361269543644,1.27395656660648,0,0,0,0,0,0,1.27395656660648,0,0,0,0,0,0,0,0,0,0,0,0,0,0,0,0,1.27395656660648,0,0,0,1.27395656660648,0,1.27395656660648,1.27395656660648,0,0,0,0,0,0,0,0,0,0,0,0,1.93978214174197,0,1.27395656660648,3.01635238884237,1.27395656660648
TGGATGTGACGGAG-1:cd56_nk,0,2.10884310836221,0,4.59658744218891,0,0,0,0,0,2.10884310836221,0,0,0,0,0,0,5.09315982075461,0,0,0,0,0,0,0,2.10884310836221,0,0,0,3.45158802352383,0,4.7817594651845,2.10884310836221,0,0,0,2.93109777429865,0,0,0,0,0,0,0,0,0,2.10884310836221,0,0,0,0,2.10884310836221,0,0,0,0,0,0,0,0,0,0,2.10884310836221,0,0,2.93109777429865,0,0,0,2.93109777429865,0,0,0,0,2.10884310836221,0,0,0,0,0,0,0,2.10884310836221,0,0,0,2.10884310836221,0,0,0,0,0,0,0,0,0,0,0,0,0,0
TATAGCCTTTCAGG-1:b_cells,0,0,0,3.48628772766865,0,0,2.60959959688466,0,0,0,5.55244114383759,0,0,1.82849808752581,2.60959959688466,0,0,1.82849808752581,0,0,0,0,0,0,1.82849808752581,1.82849808752581,0,0,0,0,5.83634756593978,0,0,0,0,0,0,0,0,0,1.82849808752581,0,0,0,0,2.60959959688466,0,0,0,0,0,1.82849808752581,0,0,0,0,0,0,0,0,0,0,1.82849808752581,0,0,1.82849808752581,0,0,0,0,0,0,0,0,0,0,1.82849808752581,0,0,0,0,0,0,0,1.82849808752581,0,0,0,0,0,0,0,0,0,0,1.82849808752581,0,0,2.60959959688466,1.82849808752581
TCATTCGAACGGGA-1:cytotoxic_t,0,0,0,4.34494189547356,0,0,0,0,0,0,0,0,0,0,0,0,1.65390572477755,0,0,0,0,0,1.65390572477755,0,1.65390572477755,1.65390572477755,0,0,0,0,4.95679166085039,0,1.65390572477755,0,0,2.4042732434372,0,0,0,0,0,0,0,0,0,1.65390572477755,0,0,0,0,0,0,0,0,0,0,0,0,0,0,0,0,0,0,0,1.65390572477755,1.65390572477755,0,0,0,0,0,0,0,0,0,0,0,0,0,1.65390572477755,0,0,0,0,0,0,0,0,0,0,0,0,0,0,2.4042732434372,0,0,0,0
ATAATCGAATGCCA-1:b_cells,0,0,0,0,1.87139710176281,0,0,0,0,0,4.91874593532916,0,0,0,0,0,0,0,0,0,0,0,1.87139710176281,0,2.65940734285834,0,0,0,3.16616942577919,0,5.68701809930583,2.65940734285834,1.87139710176281,0,0,1.87139710176281,0,0,0,0,0,0,0,0,0,0,0,0,0,0,1.87139710176281,0,1.87139710176281,0,2.65940734285834,0,1.87139710176281,1.87139710176281,0,0,0,0,0,0,0,0,0,0,1.87139710176281,0,1.87139710176281,2.65940734285834,1.87139710176281,1.87139710176281,0,0,0,0,0,0,0,1.87139710176281,0,0,0,1.87139710176281,0,0,0,0,0,0,1.87139710176281,0,0,0,0,0,1.87139710176281,0
TGACGAACGGACAG-1:cd14_monocytes,0,0,0,4.76995743076806,0,0,3.52524260603298,0,0,0,6.49767525499431,0,2.17135678974367,0,0,0,0,0,0,0,0,0,0,1.46060318746224,0,0,0,0,2.6454024597781,0,4.57161876612305,0,0,0,0,1.46060318746224,0,0,0,0,0,2.17135678974367,0,0,0,0,0,0,0,0,1.46060318746224,0,0,0,1.46060318746224,0,0,0,0,0,0,2.17135678974367,0,2.17135678974367,0,1.46060318746224,0,0,0,0,2.6454024597781,1.46060318746224,0,2.17135678974367,1.46060318746224,0,0,0,0,0,0,1.46060318746224,0,0,1.46060318746224,1.46060318746224,0,3.0016106619688,0,0,0,0,1.46060318746224,0,0,0,0,0,3.52524260603298,0
TCTAGACTGGACAG-1:cd14_monocytes,0,0,0,2.77351357787063,0,0,1.55871035462751,0,0,0,6.99416957151166,0,0,0,0,0,0,0,2.29036770492376,0,1.55871035462751,0,0,0,0,0,0,0,0,0,4.21047730404821,3.13481490046276,1.55871035462751,1.55871035462751,0,1.55871035462751,0,1.55871035462751,0,0,0,0,0,0,0,0,0,0,1.55871035462751,0,0,0,0,0,1.55871035462751,0,1.55871035462751,0,0,0,0,0,0,0,1.55871035462751,0,1.55871035462751,0,0,0,0,0,0,0,0,0,0,0,1.55871035462751,0,0,1.55871035462751,1.55871035462751,0,2.29036770492376,0,1.55871035462751,2.29036770492376,0,0,0,0,0,0,0,1.55871035462751,0,0,3.13481490046276,0
ACCAACGATACGCA-1:cytotoxic_t,0,0,0,3.75627976939712,0,0,2.85927728705522,0,0,0,1.62550697617579,0,0,0,0,0,2.85927728705522,0,0,0,0,0,0,1.62550697617579,0,0,0,0,2.37044650499534,0,4.81309235763129,0,0,0,0,0,0,0,0,0,0,0,0,0,0,0,0,0,0,0,0,1.62550697617579,0,0,2.85927728705522,0,0,0,1.62550697617579,0,0,0,0,0,0,0,0,0,1.62550697617579,0,1.62550697617579,0,1.62550697617579,0,0,0,0,1.62550697617579,1.62550697617579,0,0,0,0,0,0,0,0,0,0,0,0,0,0,0,0,0,1.62550697617579,1.62550697617579,1.62550697617579,0
GTAGACTGTACGCA-1:cd56_nk,0,0,0,3.98270431125973,0,0,0,0,0,0,0,0,0,0,0,0,0,0,0,2.23337654560051,0,0,0,0,3.07119030600444,0,0,0,2.23337654560051,0,3.98270431125973,0,0,0,0,2.23337654560051,0,0,0,0,0,2.23337654560051,0,0,0,3.07119030600444,0,0,0,0,0,0,0,0,0,0,0,0,0,0,0,0,0,0,0,0,0,0,3.07119030600444,0,0,0,0,0,0,0,0,0,0,0,2.23337654560051,2.23337654560051,0,0,0,0,0,0,0,2.23337654560051,0,0,0,0,0,0,2.23337654560051,0,2.23337654560051,0
TCAGTTACCATCAG-1:cd56_nk,0,0,0,3.35044519805314,0,0,2.83452677400117,0,2.02380322568009,0,0,0,2.02380322568009,0,0,0,4.02969316987293,0,0,0,0,0,0,0,0,0,0,0,2.02380322568009,0,4.67425453976383,2.02380322568009,0,0,2.02380322568009,2.02380322568009,0,0,0,0,0,0,0,0,0,4.27793001527814,0,0,0,0,0,2.83452677400117,0,2.02380322568009,0,0,0,0,0,0,0,0,0,0,0,0,0,0,2.02380322568009,0,2.02380322568009,0,0,2.02380322568009,0,0,0,0,0,0,0,0,0,0,0,0,0,0,0,2.02380322568009,0,0,0,2.83452677400117,2.02380322568009,0,2.02380322568009,0,0,0
GGTCTAGAAAGTAG-1:cd56_nk,0,0,0,4.34983102908989,0,0,3.21881980042083,0,0,2.70932729934147,0,0,0,0,0,0,3.21881980042083,0,0,0,0,0,1.91459632461682,0,1.91459632461682,0,0,0,1.91459632461682,0,3.89243139287548,2.70932729934147,0,1.91459632461682,0,3.59458824819444,1.91459632461682,0,0,0,0,0,1.91459632461682,0,0,1.91459632461682,0,0,0,0,0,0,0,1.91459632461682,1.91459632461682,1.91459632461682,1.91459632461682,0,0,0,0,0,0,1.91459632461682,0,0,0,0,2.70932729934147,0,0,1.91459632461682,0,0,0,0,0,0,0,0,1.91459632461682,1.91459632461682,0,1.91459632461682,0,0,0,0,0,0,0,0,0,0,1.91459632461682,1.91459632461682,0,0,0,0
CAAGTTCTGCTCCT-1:cd56_nk,0,0,0,3.90978892805212,0,0,3.00271735715187,0,0,0,0,0,0,0,2.17234068264993,0,4.21239082488061,2.17234068264993,2.17234068264993,0,0,0,0,0,2.17234068264993,0,0,0,3.00271735715187,0,3.00271735715187,0,0,2.17234068264993,2.17234068264993,2.17234068264993,0,0,0,0,0,0,0,0,0,4.21239082488061,2.17234068264993,2.17234068264993,0,0,2.17234068264993,0,0,2.17234068264993,0,0,0,0,0,0,0,2.17234068264993,0,0,2.17234068264993,0,2.17234068264993,0,0,0,0,2.17234068264993,2.17234068264993,0,0,0,2.17234068264993,0,0,0,0,0,0,0,0,0,0,0,0,0,0,0,0,0,0,2.17234068264993,0,2.17234068264993,3.00271735715187,0
GCCACGGAACGGAG-1:cd56_nk,1.97420454368703,0,0,3.9676829635168,0,0,1.97420454368703,0,1.97420454368703,0,0,0,0,0,0,0,2.77783645910497,0,0,0,0,0,0,1.97420454368703,3.66862538964249,0,0,0,2.77783645910497,0,4.21526641790954,0,0,0,0,2.77783645910497,0,0,0,0,2.77783645910497,0,0,1.97420454368703,0,0,1.97420454368703,0,0,0,0,0,0,0,0,0,0,0,0,0,0,1.97420454368703,0,0,0,0,0,0,1.97420454368703,0,1.97420454368703,1.97420454368703,0,0,0,1.97420454368703,0,0,0,0,0,0,0,0,0,0,0,0,0,0,0,0,0,0,0,0,0,0,2.77783645910497,1.97420454368703
GTTAGTCTTGTGGT-1:cd56_nk,0,0,0,5.15486017565096,0,0,2.1578857518194,0,0,0,0,0,0,0,0,0,2.98644875543601,0,0,0,0,0,0,2.1578857518194,0,0,0,0,2.98644875543601,0,4.44464210757103,0,0,2.1578857518194,0,3.50941862967677,0,0,0,0,0,0,0,0,0,2.98644875543601,0,0,0,0,2.1578857518194,2.1578857518194,0,0,0,0,0,0,0,0,0,0,0,0,0,0,0,0,0,0,2.1578857518194,0,0,2.1578857518194,0,0,0,0,0,0,0,0,0,0,0,0,0,0,0,0,0,0,0,0,0,0,0,0,0,0
ATAACATGATTCCT-1:cytotoxic_t,0,0,0,3.66357419580333,0,0,1.97011890186863,0,0,0,3.28599578507698,0,0,1.97011890186863,0,0,1.97011890186863,0,0,0,0,0,0,1.97011890186863,0,0,0,0,0,0,4.60549627065897,1.97011890186863,0,0,0,2.77315412132725,0,0,0,1.97011890186863,0,0,0,0,1.97011890186863,0,0,0,1.97011890186863,0,0,0,0,0,0,0,0,0,0,0,1.97011890186863,2.77315412132725,0,0,1.97011890186863,0,0,0,0,0,0,1.97011890186863,0,1.97011890186863,0,1.97011890186863,0,1.97011890186863,0,0,0,0,0,0,0,0,0,0,0,0,0,0,0,0,0,1.97011890186863,0,0,3.28599578507698,0
GAGTGACTTACTTC-1:cd14_monocytes,0,0,0,2.28502243121155,0,0,3.12885981862466,0,0,0,6.7223342419919,0,0,0,0,0,0,1.55427371579436,1.55427371579436,0,0,0,0,0,1.55427371579436,0,0,0,0,0,4.81332036925978,1.55427371579436,2.28502243121155,2.28502243121155,0,2.28502243121155,0,0,0,0,0,0,0,0,0,0,0,0,0,0,1.55427371579436,0,1.55427371579436,0,1.55427371579436,0,0,0,0,0,0,0,0,0,1.55427371579436,0,0,0,1.55427371579436,0,0,0,0,0,0,1.55427371579436,0,0,0,0,0,0,0,0,0,1.55427371579436,0,2.28502243121155,0,0,0,0,1.55427371579436,0,0,3.12885981862466,0,0,2.76777665886463,0
AATGGAGAAGACTC-1:b_cells,0,0,0,1.87923940563882,0,0,1.87923940563882,0,0,0,6.02882227775601,0,0,0,0,0,0,0,0,0,0,0,0,0,0,0,0,0,1.87923940563882,0,5.05075100430214,0,0,0,0,3.17575321449452,0,0,0,0,1.87923940563882,0,0,0,0,0,0,0,0,0,0,0,0,1.87923940563882,1.87923940563882,0,0,0,0,0,0,0,0,0,0,0,0,0,0,0,0,0,0,0,0,0,2.6684870640038,0,0,0,0,0,0,0,0,0,0,0,0,0,1.87923940563882,0,0,0,0,1.87923940563882,0,0,3.17575321449452,0
